Global_cooling	Ice_age
Global_cooling	The_New_York_Times
Global_cooling	Greenhouse_gas
Global_cooling	Thermohaline_circulation
Global_cooling	World_Meteorological_Organization
Global_cooling	Science_(journal)
Global_cooling	Glacier
Global_cooling	Fossil_fuel
Global_cooling	General_circulation_model
Global_cooling	Milankovitch_cycles
Global_cooling	Scientific_opinion_on_climate_change
Global_cooling	Aerosol
Global_cooling	Younger_Dryas
Global_cooling	Radiative_forcing
Global_cooling	Albedo
Global_cooling	Solar_irradiance
Global_cooling	Arctic
Global_cooling	Glacial_period
Global_cooling	Little_Ice_Age
Global_cooling	Orbital_forcing
Global_cooling	Atlantic_Ocean
Global_cooling	Interglacial
Global_cooling	Land_surface_effects_on_climate
Global_cooling	Global_warming
Global_cooling	Particulates
Global_cooling	Intergovernmental_Panel_on_Climate_Change
Global_cooling	Carbon_dioxide
Global_cooling	Holocene
Global_cooling	National_Academy_of_Sciences
Moraine	Glacier
Moraine	Ice_age
Moraine	Ice_sheet
Desertification	Fauna
Desertification	Evapotranspiration
Desertification	Sun
Desertification	NASA
Desertification	Flora
Desertification	Deforestation
Desertification	Sahara
Cyclostratigraphy	Precession
Cyclostratigraphy	Milankovitch_cycles
Cyclostratigraphy	Axial_tilt
Cyclostratigraphy	Orbital_eccentricity
Geothermal_gradient	Plate_tectonics
Geothermal_gradient	Milankovitch_cycles
Geothermal_gradient	Holocene
Geothermal_gradient	Lithosphere
Geothermal_gradient	Climate
Ice_age	Global_cooling
Ice_age	Supervolcano
Ice_age	Last_Glacial_Maximum
Ice_age	Holocene
Ice_age	Greenhouse_gas
Ice_age	Ice_core
Ice_age	Weathering
Ice_age	Glacier
Ice_age	Sun
Ice_age	Fossil_fuel
Ice_age	Continental_drift
Ice_age	Sunspot
Ice_age	Milankovitch_cycles
Ice_age	Carbon_dioxide
Ice_age	Vostok_Station
Ice_age	Anthropocene
Ice_age	Photosynthesis
Ice_age	Gulf_Stream
Ice_age	Moraine
Ice_age	Albedo
Ice_age	Snowball_Earth
Ice_age	Proxy_(climate)
Ice_age	Antarctic_ice_sheet
Ice_age	Arctic
Ice_age	Plate_tectonics
Ice_age	Heinrich_event
Ice_age	Maunder_Minimum
Ice_age	Ice_sheet
Ice_age	Sea_level_rise
Ice_age	Glacial_period
Ice_age	Little_Ice_Age
Ice_age	Orbital_forcing
Ice_age	American_Geophysical_Union
Ice_age	Carboniferous
Ice_age	Thermohaline_circulation
Ice_age	Solar_irradiance
Ice_age	Isthmus_of_Panama
Ice_age	Glaciology
Ice_age	Pliocene
Ice_age	Paleocene–Eocene_Thermal_Maximum
Ice_age	Solar_cycle
Ice_age	Quaternary_glaciation
Ice_age	Lithosphere
Ice_age	Interglacial
Ice_age	Atmosphere_of_Earth
Ice_age	Global_warming
Ice_age	Axial_tilt
Ice_age	Orbital_eccentricity
Volumetric_heat_capacity	Global_warming
Volumetric_heat_capacity	Greenhouse_gas
Volumetric_heat_capacity	Radiative_forcing
Instrumental_temperature_record	El_Niño
Instrumental_temperature_record	El_Niño–Southern_Oscillation
Instrumental_temperature_record	Greenhouse_gas
Instrumental_temperature_record	World_Meteorological_Organization
Instrumental_temperature_record	Science_(journal)
Instrumental_temperature_record	Temperature_record_of_the_past_1000_years
Instrumental_temperature_record	Scientific_opinion_on_climate_change
Instrumental_temperature_record	Aerosol
Instrumental_temperature_record	Satellite_temperature_measurements
Instrumental_temperature_record	Met_Office
Instrumental_temperature_record	NASA
Instrumental_temperature_record	Albedo
Instrumental_temperature_record	Proxy_(climate)
Instrumental_temperature_record	American_Geophysical_Union
Instrumental_temperature_record	National_Oceanic_and_Atmospheric_Administration
Instrumental_temperature_record	Pacific_decadal_oscillation
Instrumental_temperature_record	Atmosphere_of_Earth
Instrumental_temperature_record	Global_warming
Instrumental_temperature_record	Climate
Instrumental_temperature_record	Intergovernmental_Panel_on_Climate_Change
Instrumental_temperature_record	American_Association_for_the_Advancement_of_Science
Instrumental_temperature_record	National_Academy_of_Sciences
Supervolcano	Ice_age
Supervolcano	Extinction_event
Supervolcano	Sulfuric_acid
Supervolcano	Volcano
Supervolcano	Mount_Tambora
Supervolcano	Flood_basalt
Supervolcano	Mount_Pinatubo
Supervolcano	Little_Ice_Age
Supervolcano	Types_of_volcanic_eruptions
Supervolcano	Year_Without_a_Summer
Supervolcano	Toba_catastrophe_theory
Supervolcano	Global_warming
Supervolcano	Volcanic_ash
Supervolcano	Large_igneous_province
OR_Books	The_New_York_Times
Hydrosphere	Lithosphere
Hydrosphere	Solar_irradiance
Hydrosphere	Atmosphere_of_Earth
Hydrosphere	Biosphere
Hydrosphere	Water_cycle
Hydrosphere	Cryosphere
Hydrosphere	Evaporation
Hydrosphere	Evapotranspiration
Last_Glacial_Maximum	Ice_age
Last_Glacial_Maximum	Pacific_Ocean
Last_Glacial_Maximum	Periglaciation
Last_Glacial_Maximum	Radiocarbon_dating
Last_Glacial_Maximum	Moraine
Last_Glacial_Maximum	Glacier
Last_Glacial_Maximum	Ice_sheet
Last_Glacial_Maximum	Sea_level_rise
Last_Glacial_Maximum	Glacial_period
Last_Glacial_Maximum	Polar_desert
Last_Glacial_Maximum	Atmosphere_of_Earth
Last_Glacial_Maximum	Sahara
Anthropocene	Ice_age
Anthropocene	Geologic_time_scale
Anthropocene	The_New_York_Times
Anthropocene	Ecosystem
Anthropocene	Science_(journal)
Anthropocene	Nature_(journal)
Anthropocene	OR_Books
Anthropocene	Solar_irradiance
Anthropocene	Cement
Anthropocene	Fossil_fuel
Anthropocene	Deforestation
Anthropocene	Archean
Anthropocene	Atmosphere_of_Earth
Anthropocene	Global_warming
Anthropocene	Carbon_dioxide
Anthropocene	Holocene
Weathering	Ice_age
Weathering	Sulfuric_acid
Weathering	Periglaciation
Weathering	Moraine
Weathering	Limestone
Weathering	Arid
Weathering	Thermal_expansion
Weathering	Atmosphere_of_Earth
Weathering	Carbon_dioxide
Weathering	Sulfur_dioxide
Geologic_time_scale	Ice_age
Geologic_time_scale	Extinction_event
Geologic_time_scale	Science_(journal)
Geologic_time_scale	Great_Oxygenation_Event
Geologic_time_scale	Hadean
Geologic_time_scale	Little_Ice_Age
Geologic_time_scale	Carboniferous
Geologic_time_scale	Beetle
Geologic_time_scale	Holocene
Geologic_time_scale	Pliocene
Geologic_time_scale	Last_Glacial_Maximum
Geologic_time_scale	Photosynthesis
Geologic_time_scale	Orogeny
Geologic_time_scale	Snowball_Earth
Geologic_time_scale	Interglacial
Geologic_time_scale	Weathering
Geologic_time_scale	History_of_Earth
Geologic_time_scale	Atlantic_(period)
Geologic_time_scale	Supervolcano
Geologic_time_scale	Younger_Dryas
Geologic_time_scale	Anthropocene
Geologic_time_scale	Supercontinent
Geologic_time_scale	Glacial_period
Geologic_time_scale	Atmosphere_of_Earth
Geologic_time_scale	Pangaea
Geologic_time_scale	Limestone
Geologic_time_scale	Azolla_event
Geologic_time_scale	Quaternary_glaciation
Geologic_time_scale	Toba_catastrophe_theory
Geologic_time_scale	Archean
Geologic_time_scale	Climate
Geologic_time_scale	Carbon_dioxide
Geologic_time_scale	Sahara
Environmental_policy	Liberty_Fund
Environmental_policy	Human_impact_on_the_environment
Environmental_policy	Ecosystem
Environmental_policy	Energy
Faint_young_Sun_paradox	Temperature_record
Faint_young_Sun_paradox	Sun
Faint_young_Sun_paradox	Geothermal_gradient
Faint_young_Sun_paradox	Ice_age
Faint_young_Sun_paradox	History_of_Earth
Faint_young_Sun_paradox	Snowball_Earth
Faint_young_Sun_paradox	Atmosphere_of_Earth
Faint_young_Sun_paradox	Carbon_dioxide
Faint_young_Sun_paradox	Volcano
Faint_young_Sun_paradox	Greenhouse_gas
Faint_young_Sun_paradox	Photosynthesis
Faint_young_Sun_paradox	Archean
Faint_young_Sun_paradox	Carbon_cycle
Faint_young_Sun_paradox	Weathering
Faint_young_Sun_paradox	Albedo
Interglacial	Snowball_Earth
Interglacial	Atlantic_(period)
Interglacial	Ice_age
Interglacial	Proxy_(climate)
Interglacial	Last_Glacial_Maximum
Interglacial	Milankovitch_cycles
Interglacial	Medieval_Warm_Period
Interglacial	Climate
Interglacial	Glacial_period
Interglacial	Little_Ice_Age
Interglacial	Holocene
Interglacial	Oxygen_isotope_ratio_cycle
Interglacial	Holocene_climatic_optimum
Interglacial	Orbital_eccentricity
Interglacial	Axial_tilt
The_New_York_Times	Pacific_Ocean
The_New_York_Times	NASA
Atlantic_(period)	Climate
Atlantic_(period)	Ice_core
Atlantic_(period)	Holocene
Atlantic_(period)	Holocene_climatic_optimum
Retreat_of_glaciers_since_1850	Glacier_mass_balance
Retreat_of_glaciers_since_1850	The_New_York_Times
Retreat_of_glaciers_since_1850	Greenhouse_gas
Retreat_of_glaciers_since_1850	Thermohaline_circulation
Retreat_of_glaciers_since_1850	Science_(journal)
Retreat_of_glaciers_since_1850	Glacier
Retreat_of_glaciers_since_1850	Altimeter
Retreat_of_glaciers_since_1850	United_States_Geological_Survey
Retreat_of_glaciers_since_1850	NASA
Retreat_of_glaciers_since_1850	Moraine
Retreat_of_glaciers_since_1850	Albedo
Retreat_of_glaciers_since_1850	Sea_level_rise
Retreat_of_glaciers_since_1850	Little_Ice_Age
Retreat_of_glaciers_since_1850	National_Oceanic_and_Atmospheric_Administration
Retreat_of_glaciers_since_1850	Glaciology
Retreat_of_glaciers_since_1850	Global_warming
Retreat_of_glaciers_since_1850	Intergovernmental_Panel_on_Climate_Change
Retreat_of_glaciers_since_1850	Ice_sheet
Prediction_of_volcanic_activity	Mount_Pinatubo
Prediction_of_volcanic_activity	Satellite
Prediction_of_volcanic_activity	United_States_Geological_Survey
Prediction_of_volcanic_activity	Types_of_volcanic_eruptions
Prediction_of_volcanic_activity	Sulfur_dioxide
Outline_of_physical_science	Water_cycle
Outline_of_physical_science	Volcano
Outline_of_physical_science	Energy
Outline_of_physical_science	Weathering
Outline_of_physical_science	Atmosphere_of_Earth
Outline_of_physical_science	Climate
Outline_of_physical_science	Evaporation
Outline_of_physical_science	Weather
Outline_of_physical_science	Cloud
Sulfuric_acid	Sun
Sulfuric_acid	NASA
Sulfuric_acid	Atmosphere_of_Earth
Sulfuric_acid	Carbon_dioxide
Sulfuric_acid	Aerosol
Sulfuric_acid	Stratosphere
Sulfuric_acid	Sulfur_dioxide
Ecosystem	Fossil_fuel
Ecosystem	Climate
Ecosystem	Autotroph
Ecosystem	Biosphere
Ecosystem	Primary_production
Ecosystem	Photosynthesis
Ecosystem	Carbon_cycle
Ecosystem	Energy
Ecosystem	Coral_reef
Ecosystem	Lignin
Ecosystem	Flora
Ecosystem	Microclimate
Ecosystem	Detritus
Ecosystem	Weathering
Ecosystem	Deforestation
Ecosystem	NASA
Ecosystem	Island
Ecosystem	Carbon_dioxide
Ecosystem	Human_impact_on_the_environment
Ecosystem	Complex_system
El_Niño	Pacific_Ocean
El_Niño	El_Niño–Southern_Oscillation
El_Niño	Fish
El_Niño	NASA
El_Niño	Monsoon
El_Niño	National_Oceanic_and_Atmospheric_Administration
El_Niño	Holocene
Glacier_mass_balance	Glacier
Glacier_mass_balance	Global_warming
Glacier_mass_balance	United_States_Geological_Survey
Water_cycle	Deforestation
Water_cycle	Hydrosphere
Water_cycle	Evapotranspiration
Water_cycle	Science_(journal)
Water_cycle	Plate_tectonics
Water_cycle	Carbon_cycle
Water_cycle	Solar_irradiance
Water_cycle	Climate_model
Water_cycle	National_Oceanic_and_Atmospheric_Administration
Water_cycle	Retreat_of_glaciers_since_1850
Water_cycle	Atmosphere_of_Earth
Water_cycle	Climate
Water_cycle	Intergovernmental_Panel_on_Climate_Change
Water_cycle	Evaporation
Water_cycle	Cloud
Pacific_Ocean	Hydrosphere
Pacific_Ocean	El_Niño
Pacific_Ocean	Volcano
Pacific_Ocean	Antarctic_Circumpolar_Current
Pacific_Ocean	Pangaea
Pacific_Ocean	Fish
Pacific_Ocean	Arctic
Pacific_Ocean	Plate_tectonics
Pacific_Ocean	El_Niño–Southern_Oscillation
Pacific_Ocean	Southern_Ocean
Pacific_Ocean	Monsoon
Pacific_Ocean	National_Oceanic_and_Atmospheric_Administration
Pacific_Ocean	Isthmus_of_Panama
Pacific_Ocean	Atlantic_Ocean
Pacific_Ocean	Coral_reef
Hardiness_zone	Continental_climate
Hardiness_zone	Global_warming
Permo-Carboniferous	Pangaea
Permo-Carboniferous	Continental_drift
Permo-Carboniferous	Carboniferous
Permo-Carboniferous	Glacial_period
El_Niño–Southern_Oscillation	Met_Office
El_Niño–Southern_Oscillation	El_Niño
El_Niño–Southern_Oscillation	Pacific_Ocean
El_Niño–Southern_Oscillation	National_Oceanic_and_Atmospheric_Administration
El_Niño–Southern_Oscillation	Southern_Ocean
Volcano	Sulfuric_acid
Volcano	Mount_Tambora
Volcano	Aerosol
Volcano	Extinction_event
Volcano	Stratosphere
Volcano	Sulfur_dioxide
Volcano	Mount_Pinatubo
Volcano	Plate_tectonics
Volcano	NASA
Volcano	Holocene
Volcano	Types_of_volcanic_eruptions
Volcano	Weathering
Volcano	Large_igneous_province
Volcano	Supervolcano
Volcano	Prediction_of_volcanic_activity
Volcano	Flood_basalt
Volcano	Albedo
Volcano	Year_Without_a_Summer
Volcano	Atmosphere_of_Earth
Volcano	Sun
Volcano	Tephra
Volcano	Volcanic_ash
Volcano	Toba_catastrophe_theory
Volcano	Climate
Volcano	Carbon_dioxide
Fauna	Flora
Fauna	Ecosystem
Fauna	Fish
Greenhouse_gas	Geothermal_gradient
Greenhouse_gas	Radiative_forcing
Greenhouse_gas	Holocene
Greenhouse_gas	IPCC_Third_Assessment_Report
Greenhouse_gas	Ozone_depletion
Greenhouse_gas	Ice_core
Greenhouse_gas	Scientific_opinion_on_climate_change
Greenhouse_gas	Aerosol
Greenhouse_gas	Photosynthesis
Greenhouse_gas	Carbon_cycle
Greenhouse_gas	Energy
Greenhouse_gas	Snowball_Earth
Greenhouse_gas	Cement
Greenhouse_gas	Fossil_fuel
Greenhouse_gas	Sea_level_rise
Greenhouse_gas	Carbon_sink
Greenhouse_gas	National_Oceanic_and_Atmospheric_Administration
Greenhouse_gas	United_Nations_Framework_Convention_on_Climate_Change
Greenhouse_gas	Deforestation
Greenhouse_gas	NASA
Greenhouse_gas	Atmosphere_of_Earth
Greenhouse_gas	Global_warming
Greenhouse_gas	IPCC_Fourth_Assessment_Report
Greenhouse_gas	Carbon_dioxide
Greenhouse_gas	Human_impact_on_the_environment
Greenhouse_gas	Limestone
Greenhouse_gas	The_New_York_Times
Greenhouse_gas	Extreme_weather
Greenhouse_gas	Stratosphere
Greenhouse_gas	Intergovernmental_Panel_on_Climate_Change
Thermohaline_circulation	Boundary_current
Thermohaline_circulation	Atlantic_Ocean
Thermohaline_circulation	Climate
Thermohaline_circulation	Sea_level_rise
Thermohaline_circulation	Younger_Dryas
Thermohaline_circulation	Atlantic_multidecadal_oscillation
Thermohaline_circulation	Gulf_Stream
Thermohaline_circulation	Southern_Ocean
Pollen	Archaeology
Pollen	Palynology
Periglaciation	Glacier
Periglaciation	Evapotranspiration
Radiocarbon_dating	Uranium-thorium_dating
Radiocarbon_dating	Photosynthesis
Radiocarbon_dating	Science_(journal)
Radiocarbon_dating	Tephra
Radiocarbon_dating	Biosphere
Radiocarbon_dating	Archaeology
Radiocarbon_dating	Dendrochronology
Radiocarbon_dating	Younger_Dryas
Radiocarbon_dating	Fossil_fuel
Radiocarbon_dating	Limestone
Radiocarbon_dating	Types_of_volcanic_eruptions
Radiocarbon_dating	Tephrochronology
Radiocarbon_dating	Carbon_dioxide
Radiocarbon_dating	Holocene
Radiocarbon_dating	Stratosphere
Land_surface_effects_on_climate	Desertification
Land_surface_effects_on_climate	Vegetation
Land_surface_effects_on_climate	Deforestation
Land_surface_effects_on_climate	Evapotranspiration
Land_surface_effects_on_climate	Retreat_of_glaciers_since_1850
Land_surface_effects_on_climate	Water_cycle
Land_surface_effects_on_climate	Cloud
Land_surface_effects_on_climate	Albedo
World_Meteorological_Organization	Climate
World_Meteorological_Organization	Intergovernmental_Panel_on_Climate_Change
World_Meteorological_Organization	Human_impact_on_the_environment
World_Meteorological_Organization	United_Nations_Framework_Convention_on_Climate_Change
Phytoplankton	Autotroph
Phytoplankton	Aerosol
Phytoplankton	Photosynthesis
Phytoplankton	Energy
Phytoplankton	NASA
Phytoplankton	Albedo
Phytoplankton	Effects_of_global_warming_on_oceans
Phytoplankton	Detritus
Phytoplankton	Woods_Hole_Oceanographic_Institution
Phytoplankton	Atmosphere_of_Earth
Phytoplankton	Primary_production
Phytoplankton	Carbon_dioxide
Phytoplankton	Human_impact_on_the_environment
Phytoplankton	Southern_Ocean
Statistical_dispersion	Central_tendency
Statistical_dispersion	Outline_of_physical_science
Tephrochronology	Volcanic_ash
Tephrochronology	Journal_of_Quaternary_Science
Tephrochronology	Tephra
Tephrochronology	Archaeology
Tephrochronology	Radiocarbon_dating
Tephrochronology	Ice_core
Tephrochronology	Palynology
Oxygen_isotope_ratio_cycle	Proxy_(climate)
Oxygen_isotope_ratio_cycle	Carbon_dioxide
Oxygen_isotope_ratio_cycle	Glacial_period
Oxygen_isotope_ratio_cycle	Limestone
Oxygen_isotope_ratio_cycle	Evaporation
Forest_reproductive_material	Intergovernmental_Panel_on_Climate_Change
Evapotranspiration	Evaporation
Evapotranspiration	Vegetation
Evapotranspiration	Solar_irradiance
Evapotranspiration	Atmosphere_of_Earth
Evapotranspiration	Water_cycle
Evapotranspiration	Energy
Science_(journal)	American_Association_for_the_Advancement_of_Science
Science_(journal)	Nature_(journal)
Mount_Pinatubo	Sulfuric_acid
Mount_Pinatubo	Ecosystem
Mount_Pinatubo	Volcano
Mount_Pinatubo	Radiocarbon_dating
Mount_Pinatubo	Weathering
Mount_Pinatubo	Plate_tectonics
Mount_Pinatubo	Tephra
Mount_Pinatubo	Particulates
Mount_Pinatubo	Volcanic_ash
Mount_Pinatubo	United_States_Geological_Survey
Mount_Pinatubo	Stratosphere
Mount_Pinatubo	Ozone_depletion
Mount_Pinatubo	Sunlight
Mount_Pinatubo	Atmosphere_of_Earth
Mount_Pinatubo	Pliocene
Mount_Pinatubo	Sulfur_dioxide
Mount_Pinatubo	Nature_(journal)
Medieval_Warm_Period	Temperature_record
Medieval_Warm_Period	IPCC_Third_Assessment_Report
Medieval_Warm_Period	Proxy_(climate)
Medieval_Warm_Period	Arctic
Medieval_Warm_Period	Atlantic_Ocean
Medieval_Warm_Period	Little_Ice_Age
Medieval_Warm_Period	Climate
Medieval_Warm_Period	American_Geophysical_Union
Medieval_Warm_Period	Holocene_climatic_optimum
Medieval_Warm_Period	El_Niño–Southern_Oscillation
Medieval_Warm_Period	Thermohaline_circulation
Medieval_Warm_Period	National_Oceanic_and_Atmospheric_Administration
Medieval_Warm_Period	Pacific_Ocean
Medieval_Warm_Period	Intergovernmental_Panel_on_Climate_Change
Glacier	Retreat_of_glaciers_since_1850
Glacier	Island
Glacier	Glacier_mass_balance
Glacier	Volcano
Glacier	Science_(journal)
Glacier	Moraine
Glacier	Solar_irradiance
Glacier	Arctic
Glacier	Ice_sheet
Glacier	Sea_level_rise
Glacier	Glacial_period
Glacier	Little_Ice_Age
Glacier	Glaciology
Glacier	Polar_desert
Glacier	Global_warming
Glacier	Climate
Glacier	Cryosphere
Sun	Ice_age
Sun	Extinction_event
Sun	Axial_tilt
Sun	Energy
Sun	Solar_irradiance
Sun	Red_giant
Sun	Sunlight
Sun	Little_Ice_Age
Sun	Archean
Sun	Greenhouse_gas
Sun	Anno_Domini
Sun	Photosynthesis
Sun	NASA
Sun	Science_(journal)
Sun	Thermal_expansion
Sun	Solar_cycle
Sun	White_dwarf
Sun	Atmosphere_of_Earth
Sun	Milankovitch_cycles
Sun	Albedo
Sun	Dendrochronology
Sun	Maunder_Minimum
Sun	American_Geophysical_Union
Sun	Sunspot
Sun	Nature_(journal)
Sun	Carbon_dioxide
Tephra	Volcanic_ash
Tephra	Tephrochronology
Tephra	Volcano
Tephra	Stratosphere
Autotroph	Sun
Autotroph	Photosynthesis
Autotroph	Ecosystem
Autotroph	Primary_production
Autotroph	The_New_York_Times
Autotroph	Carbon_dioxide
Precession	Ice_age
Precession	Milankovitch_cycles
Precession	Sun
Precession	Orbital_eccentricity
Surface_exposure_dating	Proxy_(climate)
Surface_exposure_dating	Radiocarbon_dating
Axial_tilt	Science_(journal)
Axial_tilt	Sun
Axial_tilt	Nature_(journal)
Axial_tilt	Milankovitch_cycles
Axial_tilt	NASA
Ozone_depletion	Greenhouse_gas
Ozone_depletion	National_Oceanic_and_Atmospheric_Administration
Ozone_depletion	Nature_(journal)
Ozone_depletion	Stratosphere
Ozone_depletion	NASA
Ozone_depletion	Arctic
Ozone_depletion	Radiative_forcing
Ozone_depletion	Atmosphere_of_Earth
Ozone_depletion	Global_warming
Ozone_depletion	Intergovernmental_Panel_on_Climate_Change
Ozone_depletion	National_Academy_of_Sciences
Antarctic_Circumpolar_Current	Glacial_period
Antarctic_Circumpolar_Current	Atlantic_Ocean
Antarctic_Circumpolar_Current	Primary_production
Antarctic_Circumpolar_Current	Pacific_Ocean
Antarctic_Circumpolar_Current	Thermohaline_circulation
Antarctic_Circumpolar_Current	Ice_sheet
Antarctic_Circumpolar_Current	Carbon_sink
Antarctic_Circumpolar_Current	Phytoplankton
Antarctic_Circumpolar_Current	Southern_Ocean
Volcanic_ash	Pacific_Ocean
Volcanic_ash	Volcano
Volcanic_ash	Tephra
Volcanic_ash	Photosynthesis
Volcanic_ash	Fish
Volcanic_ash	Mount_Pinatubo
Volcanic_ash	Types_of_volcanic_eruptions
Volcanic_ash	Atlantic_Ocean
Volcanic_ash	Tephrochronology
Volcanic_ash	Particulates
Volcanic_ash	Carbon_dioxide
Volcanic_ash	Limestone
Volcanic_ash	Sulfur_dioxide
General_circulation_model	Instrumental_temperature_record
General_circulation_model	El_Niño
General_circulation_model	El_Niño–Southern_Oscillation
General_circulation_model	Greenhouse_gas
General_circulation_model	IPCC_Third_Assessment_Report
General_circulation_model	Ozone_depletion
General_circulation_model	Carbon_cycle
General_circulation_model	Met_Office
General_circulation_model	Cryosphere
General_circulation_model	American_Geophysical_Union
General_circulation_model	National_Oceanic_and_Atmospheric_Administration
General_circulation_model	Antarctic_ice_sheet
General_circulation_model	Evapotranspiration
General_circulation_model	Atmosphere_of_Earth
General_circulation_model	Climate
General_circulation_model	Carbon_dioxide
General_circulation_model	Intergovernmental_Panel_on_Climate_Change
General_circulation_model	IPCC_Fourth_Assessment_Report
General_circulation_model	Human_impact_on_the_environment
General_circulation_model	Climate_model
General_circulation_model	Albedo
General_circulation_model	Cloud
Bond_event	Science_(journal)
Bond_event	Glacier
Bond_event	Dansgaard–Oeschger_event
Bond_event	Ice_core
Bond_event	Atlantic_Ocean
Bond_event	Little_Ice_Age
Bond_event	Heinrich_event
Bond_event	Younger_Dryas
Bond_event	Monsoon
Bond_event	Holocene
Bond_event	Anno_Domini
Nature_(journal)	Science_(journal)
Nature_(journal)	Plate_tectonics
Nature_(journal)	Ozone_depletion
Nature_(journal)	Photosynthesis
Nature_(journal)	Archaeology
Nature_(journal)	Royal_Society
Nature_(journal)	American_Association_for_the_Advancement_of_Science
Sunspot	Solar_irradiance
Sunspot	Sun
Sunspot	Solar_cycle
Sunspot	Global_warming
Sunspot	Maunder_Minimum
Sunspot	Little_Ice_Age
Mount_Tambora	Ecosystem
Mount_Tambora	Volcano
Mount_Tambora	Radiocarbon_dating
Mount_Tambora	Science_(journal)
Mount_Tambora	Archaeology
Mount_Tambora	Year_Without_a_Summer
Mount_Tambora	Volcanic_ash
Milankovitch_cycles	Science_(journal)
Milankovitch_cycles	Axial_tilt
Milankovitch_cycles	Ice_age
Milankovitch_cycles	Ice_core
Milankovitch_cycles	Quaternary_glaciation
Milankovitch_cycles	Continental_drift
Milankovitch_cycles	Sun
Milankovitch_cycles	Solar_irradiance
Milankovitch_cycles	Climate
Milankovitch_cycles	Precession
Milankovitch_cycles	American_Geophysical_Union
Milankovitch_cycles	Orbital_forcing
Milankovitch_cycles	Vostok_Station
Milankovitch_cycles	Greenhouse_gas
Milankovitch_cycles	Human_impact_on_the_environment
Milankovitch_cycles	National_Oceanic_and_Atmospheric_Administration
Milankovitch_cycles	Radiative_forcing
Milankovitch_cycles	Orbital_eccentricity
Tide_gauge	National_Oceanic_and_Atmospheric_Administration
Tide_gauge	Sea_level_rise
Altimeter	Satellite
Altimeter	NASA
Boundary_current	Atlantic_Ocean
Boundary_current	Pacific_Ocean
Boundary_current	Gulf_Stream
Pangaea	Ecosystem
Pangaea	Pacific_Ocean
Pangaea	Volcano
Pangaea	Glacier
Pangaea	Continental_drift
Pangaea	Photosynthesis
Pangaea	Supercontinent
Pangaea	Plate_tectonics
Pangaea	Global_cooling
Pangaea	Carboniferous
Pangaea	Atlantic_Ocean
Pangaea	Carbon_dioxide
Pangaea	History_of_Earth
Temperature_record_of_the_past_1000_years	Temperature_record
Temperature_record_of_the_past_1000_years	Medieval_Warm_Period
Temperature_record_of_the_past_1000_years	Proxy_(climate)
Temperature_record_of_the_past_1000_years	IPCC_Third_Assessment_Report
Temperature_record_of_the_past_1000_years	Instrumental_temperature_record
Temperature_record_of_the_past_1000_years	Dendroclimatology
Temperature_record_of_the_past_1000_years	Little_Ice_Age
Temperature_record_of_the_past_1000_years	National_Research_Council_(United_States)
Temperature_record_of_the_past_1000_years	Intergovernmental_Panel_on_Climate_Change
Temperature_record_of_the_past_1000_years	IPCC_Fourth_Assessment_Report
Types_of_volcanic_eruptions	Ice_age
Types_of_volcanic_eruptions	Supervolcano
Types_of_volcanic_eruptions	Prediction_of_volcanic_activity
Types_of_volcanic_eruptions	Pacific_Ocean
Types_of_volcanic_eruptions	Volcano
Types_of_volcanic_eruptions	Glacier
Types_of_volcanic_eruptions	Tephra
Types_of_volcanic_eruptions	Volcanic_ash
Types_of_volcanic_eruptions	United_States_Geological_Survey
Types_of_volcanic_eruptions	Science_(journal)
Types_of_volcanic_eruptions	Island
Types_of_volcanic_eruptions	Plate_tectonics
Types_of_volcanic_eruptions	Ice_sheet
Types_of_volcanic_eruptions	American_Geophysical_Union
Types_of_volcanic_eruptions	National_Oceanic_and_Atmospheric_Administration
Types_of_volcanic_eruptions	Mount_Pinatubo
Types_of_volcanic_eruptions	Thermal_expansion
Types_of_volcanic_eruptions	Toba_catastrophe_theory
Types_of_volcanic_eruptions	Atlantic_Ocean
Types_of_volcanic_eruptions	Mount_Tambora
Types_of_volcanic_eruptions	Sulfur_dioxide
Types_of_volcanic_eruptions	Stratosphere
Types_of_volcanic_eruptions	American_Association_for_the_Advancement_of_Science
Biosphere	Geothermal_gradient
Biosphere	Hydrosphere
Biosphere	Ecosystem
Biosphere	The_New_York_Times
Biosphere	Fauna
Biosphere	Sun
Biosphere	Nature_(journal)
Biosphere	Lithosphere
Biosphere	NASA
Biosphere	Flora
Biosphere	Atmosphere_of_Earth
Biosphere	Cryosphere
Climate_change_in_popular_culture	Ice_age
Climate_change_in_popular_culture	Retreat_of_glaciers_since_1850
Climate_change_in_popular_culture	Greenhouse_gas
Climate_change_in_popular_culture	Sun
Climate_change_in_popular_culture	Scientific_opinion_on_climate_change
Climate_change_in_popular_culture	Global_warming
Climate_change_in_popular_culture	Abrupt_climate_change
Climate_change_in_popular_culture	Extreme_weather
Scientific_opinion_on_climate_change	Instrumental_temperature_record
Scientific_opinion_on_climate_change	Greenhouse_gas
Scientific_opinion_on_climate_change	Retreat_of_glaciers_since_1850
Scientific_opinion_on_climate_change	Ecosystem
Scientific_opinion_on_climate_change	World_Meteorological_Organization
Scientific_opinion_on_climate_change	Science_(journal)
Scientific_opinion_on_climate_change	Fossil_fuel
Scientific_opinion_on_climate_change	IPCC_Third_Assessment_Report
Scientific_opinion_on_climate_change	Biosphere
Scientific_opinion_on_climate_change	Intergovernmental_Panel_on_Climate_Change
Scientific_opinion_on_climate_change	Aerosol
Scientific_opinion_on_climate_change	Photosynthesis
Scientific_opinion_on_climate_change	Climate
Scientific_opinion_on_climate_change	Coral_reef
Scientific_opinion_on_climate_change	American_Geophysical_Union
Scientific_opinion_on_climate_change	United_Nations_Framework_Convention_on_Climate_Change
Scientific_opinion_on_climate_change	Deforestation
Scientific_opinion_on_climate_change	Atmosphere_of_Earth
Scientific_opinion_on_climate_change	Global_warming
Scientific_opinion_on_climate_change	Royal_Society
Scientific_opinion_on_climate_change	IPCC_Fourth_Assessment_Report
Scientific_opinion_on_climate_change	Human_impact_on_the_environment
Scientific_opinion_on_climate_change	National_Research_Council_(United_States)
Scientific_opinion_on_climate_change	The_New_York_Times
Scientific_opinion_on_climate_change	National_Academy_of_Sciences
Scientific_opinion_on_climate_change	Extreme_weather
Scientific_opinion_on_climate_change	Sea_level_rise
Scientific_opinion_on_climate_change	American_Association_for_the_Advancement_of_Science
El_Chichón	Mount_Pinatubo
El_Chichón	Volcano
El_Chichón	Stratosphere
El_Chichón	Sulfur_dioxide
Homogenization_(climate)	World_Meteorological_Organization
Intergovernmental_Panel_on_Climate_Change	Instrumental_temperature_record
Intergovernmental_Panel_on_Climate_Change	Greenhouse_gas
Intergovernmental_Panel_on_Climate_Change	Ecosystem
Intergovernmental_Panel_on_Climate_Change	World_Meteorological_Organization
Intergovernmental_Panel_on_Climate_Change	IPCC_Third_Assessment_Report
Intergovernmental_Panel_on_Climate_Change	Science_(journal)
Intergovernmental_Panel_on_Climate_Change	Glacier
Intergovernmental_Panel_on_Climate_Change	Ozone_depletion
Intergovernmental_Panel_on_Climate_Change	Nature_(journal)
Intergovernmental_Panel_on_Climate_Change	Medieval_Warm_Period
Intergovernmental_Panel_on_Climate_Change	Aerosol
Intergovernmental_Panel_on_Climate_Change	Sea_level_rise
Intergovernmental_Panel_on_Climate_Change	National_Research_Council_(United_States)
Intergovernmental_Panel_on_Climate_Change	National_Oceanic_and_Atmospheric_Administration
Intergovernmental_Panel_on_Climate_Change	United_Nations_Framework_Convention_on_Climate_Change
Intergovernmental_Panel_on_Climate_Change	General_circulation_model
Intergovernmental_Panel_on_Climate_Change	Royal_Society
Intergovernmental_Panel_on_Climate_Change	IPCC_Fourth_Assessment_Report
Intergovernmental_Panel_on_Climate_Change	National_Academy_of_Sciences
Intergovernmental_Panel_on_Climate_Change	Sulfur_dioxide
United_States_Geological_Survey	Scientist
United_States_Geological_Survey	Arctic
United_States_Geological_Survey	National_Academy_of_Sciences
Dansgaard–Oeschger_event	Science_(journal)
Dansgaard–Oeschger_event	Ice_core
Dansgaard–Oeschger_event	Bond_event
Dansgaard–Oeschger_event	Little_Ice_Age
Dansgaard–Oeschger_event	Younger_Dryas
Dansgaard–Oeschger_event	Heinrich_event
Dansgaard–Oeschger_event	Holocene
Aerosol	Ecosystem
Aerosol	Pollen
Aerosol	Sulfuric_acid
Aerosol	Atmosphere_of_Earth
Aerosol	Particulates
Aerosol	Human_impact_on_the_environment
Aerosol	Evaporation
Aerosol	Cloud
Younger_Dryas	Last_Glacial_Maximum
Younger_Dryas	Fauna
Younger_Dryas	Thermohaline_circulation
Younger_Dryas	Pollen
Younger_Dryas	Periglaciation
Younger_Dryas	Glacier
Younger_Dryas	Ice_core
Younger_Dryas	Bond_event
Younger_Dryas	Medieval_Warm_Period
Younger_Dryas	Coral_reef
Younger_Dryas	Beetle
Younger_Dryas	Dendrochronology
Younger_Dryas	Proxy_(climate)
Younger_Dryas	Heinrich_event
Younger_Dryas	Holocene
Younger_Dryas	Glacial_period
Younger_Dryas	Little_Ice_Age
Younger_Dryas	Atlantic_Ocean
Younger_Dryas	Atmosphere_of_Earth
Younger_Dryas	Abrupt_climate_change
Younger_Dryas	Palynology
Extinction_event	Ice_age
Extinction_event	Geologic_time_scale
Extinction_event	Carboniferous_rainforest_collapse
Extinction_event	The_New_York_Times
Extinction_event	Water_cycle
Extinction_event	Thermohaline_circulation
Extinction_event	Plate_tectonics
Extinction_event	Sun
Extinction_event	Milankovitch_cycles
Extinction_event	Pangaea
Extinction_event	Biosphere
Extinction_event	Photosynthesis
Extinction_event	Carboniferous
Extinction_event	Flood_basalt
Extinction_event	Snowball_Earth
Extinction_event	Great_Oxygenation_Event
Extinction_event	Carbon_dioxide
Extinction_event	Glacial_period
Extinction_event	Paleocene–Eocene_Thermal_Maximum
Extinction_event	Global_warming
Extinction_event	Particulates
Extinction_event	Orogeny
Extinction_event	Human_impact_on_the_environment
Extinction_event	Large_igneous_province
Satellite_temperature_measurements	Mount_Pinatubo
Satellite_temperature_measurements	IPCC_Third_Assessment_Report
Satellite_temperature_measurements	Satellite
Satellite_temperature_measurements	Ozone_depletion
Satellite_temperature_measurements	Instrumental_temperature_record
Satellite_temperature_measurements	General_circulation_model
Satellite_temperature_measurements	Microwave_sounding_unit
Satellite_temperature_measurements	Global_warming
Satellite_temperature_measurements	El_Chichón
Satellite_temperature_measurements	Intergovernmental_Panel_on_Climate_Change
Satellite_temperature_measurements	El_Niño–Southern_Oscillation
Satellite_temperature_measurements	Volcano
Satellite_temperature_measurements	Greenhouse_gas
Satellite_temperature_measurements	Carbon_dioxide
Satellite_temperature_measurements	National_Oceanic_and_Atmospheric_Administration
Satellite_temperature_measurements	Radiosonde
Satellite_temperature_measurements	Stratosphere
Satellite_temperature_measurements	Cloud
Photosynthesis	Phytoplankton
Photosynthesis	Science_(journal)
Photosynthesis	Vegetation
Photosynthesis	Great_Oxygenation_Event
Photosynthesis	Arid
Photosynthesis	Archean
Photosynthesis	Atmosphere_of_Earth
Photosynthesis	Primary_production
Photosynthesis	Carbon_dioxide
Photosynthesis	Evaporation
Supercontinent	Geologic_time_scale
Supercontinent	Greenhouse_gas
Supercontinent	Continental_drift
Supercontinent	Milankovitch_cycles
Supercontinent	Pangaea
Supercontinent	Flood_basalt
Supercontinent	Carboniferous
Supercontinent	Archean
Supercontinent	Weathering
Supercontinent	Orogeny
Supercontinent	Carbon_dioxide
Supercontinent	Sea_level_rise
Met_Office	World_Meteorological_Organization
Met_Office	Volcanic_ash
Met_Office	Radiosonde
Met_Office	National_Oceanic_and_Atmospheric_Administration
Met_Office	Intergovernmental_Panel_on_Climate_Change
Carbon_cycle	Hydrosphere
Carbon_cycle	Greenhouse_gas
Carbon_cycle	Snowball_Earth
Carbon_cycle	Water_cycle
Carbon_cycle	Thermohaline_circulation
Carbon_cycle	Autotroph
Carbon_cycle	Biosphere
Carbon_cycle	Coral_reef
Carbon_cycle	Photosynthesis
Carbon_cycle	NASA
Carbon_cycle	Cement
Carbon_cycle	Fossil_fuel
Carbon_cycle	American_Geophysical_Union
Carbon_cycle	Lithosphere
Carbon_cycle	Deforestation
Carbon_cycle	Atmosphere_of_Earth
Carbon_cycle	Carbon_dioxide
Carbon_cycle	Limestone
Carbon_cycle	Carbon_sink
Carbon_cycle	The_New_York_Times
Orbital_forcing	Milankovitch_cycles
Orbital_forcing	Climate
Orbital_forcing	Plate_tectonics
Orbital_forcing	Ice_age
Vostok_Station	Solar_irradiance
Vostok_Station	Last_Glacial_Maximum
Vostok_Station	Ice_core
Vostok_Station	Milankovitch_cycles
Vostok_Station	NASA
Vostok_Station	Altimeter
Vostok_Station	Carbon_dioxide
Vostok_Station	Holocene_climatic_optimum
Vostok_Station	Antarctic_ice_sheet
Radiosonde	Atmosphere_of_Earth
Radiosonde	Stratosphere
Glaciology	Glacier
Glaciology	Moraine
Glaciology	Cryosphere
Energy	Volcano
Energy	Ecosystem
Energy	Plate_tectonics
Energy	Sun
Energy	Fossil_fuel
Energy	Photosynthesis
Energy	Carbon_dioxide
Energy	Orogeny
Energy	Climate
Energy	Continental_drift
NASA	National_Oceanic_and_Atmospheric_Administration
NASA	Satellite
NASA	The_New_York_Times
NASA	Climate
Flood_basalt	Supervolcano
Flood_basalt	Extinction_event
Flood_basalt	Volcano
Flood_basalt	Large_igneous_province
Flood_basalt	Types_of_volcanic_eruptions
Flood_basalt	Paleocene–Eocene_Thermal_Maximum
Beetle	Science_(journal)
Beetle	Carboniferous
Beetle	Holocene
Beetle	Fish
Beetle	Ecosystem
Beetle	Sun
Beetle	Nature_(journal)
Beetle	Quaternary_glaciation
Beetle	Carbon_dioxide
National_Science_Foundation	The_New_York_Times
National_Science_Foundation	Ozone_depletion
National_Science_Foundation	Nature_(journal)
National_Science_Foundation	NASA
National_Science_Foundation	National_Academy_of_Sciences
National_Science_Foundation	American_Association_for_the_Advancement_of_Science
Albedo	Evapotranspiration
Albedo	Aerosol
Albedo	Photosynthesis
Albedo	Solar_irradiance
Albedo	Arctic
Albedo	Sunlight
Albedo	Deforestation
Albedo	NASA
Albedo	Climate
Albedo	Intergovernmental_Panel_on_Climate_Change
Albedo	Weather
Albedo	Sahara
Temperature_record	Dendrochronology
Temperature_record	Medieval_Warm_Period
Temperature_record	Glacier
Temperature_record	Proxy_(climate)
Temperature_record	Dendroclimatology
Temperature_record	Ice_core
Temperature_record	Microwave_sounding_unit
Temperature_record	Holocene
Temperature_record	Younger_Dryas
Temperature_record	Glacial_period
Temperature_record	Little_Ice_Age
Temperature_record	Orbital_forcing
Temperature_record	Radiosonde
Temperature_record	History_of_Earth
Temperature_record	Holocene_climatic_optimum
Dendrochronology	Year_Without_a_Summer
Dendrochronology	Ice_core
Dendrochronology	Climate
Dendrochronology	Dendroclimatology
Dendrochronology	Radiocarbon_dating
Coral_reef	National_Science_Foundation
Coral_reef	Island
Coral_reef	Radiocarbon_dating
Coral_reef	Pacific_Ocean
Coral_reef	Volcano
Coral_reef	Greenhouse_gas
Coral_reef	National_Oceanic_and_Atmospheric_Administration
Coral_reef	Phytoplankton
Coral_reef	Photosynthesis
Coral_reef	United_States_Geological_Survey
Coral_reef	Limestone
Coral_reef	NASA
Coral_reef	Gulf_Stream
Coral_reef	Fish
Coral_reef	Atlantic_Ocean
Coral_reef	Ecosystem
Coral_reef	Global_warming
Coral_reef	Primary_production
Coral_reef	Carbon_dioxide
Coral_reef	Holocene
Coral_reef	Carboniferous
Coral_reef	Carbon_sink
Solar_irradiance	Milankovitch_cycles
Solar_irradiance	Ice_age
Solar_irradiance	Sun
Solar_irradiance	Axial_tilt
Solar_irradiance	Sunspot
Solar_irradiance	Radiative_forcing
Solar_irradiance	NASA
Solar_irradiance	Albedo
Solar_irradiance	Sunlight
Solar_irradiance	Solar_cycle
Solar_irradiance	Atmosphere_of_Earth
Solar_irradiance	Precession
Solar_irradiance	General_circulation_model
Solar_irradiance	Climate_model
Solar_irradiance	Holocene_climatic_optimum
Snowball_Earth	Geothermal_gradient
Snowball_Earth	Ice_age
Snowball_Earth	Supervolcano
Snowball_Earth	Extinction_event
Snowball_Earth	Ecosystem
Snowball_Earth	Water_cycle
Snowball_Earth	Volcano
Snowball_Earth	Greenhouse_gas
Snowball_Earth	Science_(journal)
Snowball_Earth	Glacier
Snowball_Earth	Sun
Snowball_Earth	Axial_tilt
Snowball_Earth	General_circulation_model
Snowball_Earth	Continental_drift
Snowball_Earth	Milankovitch_cycles
Snowball_Earth	Photosynthesis
Snowball_Earth	Supercontinent
Snowball_Earth	Carbon_cycle
Snowball_Earth	Albedo
Snowball_Earth	Solar_irradiance
Snowball_Earth	Nature_(journal)
Snowball_Earth	Great_Oxygenation_Event
Snowball_Earth	Plate_tectonics
Snowball_Earth	Limestone
Snowball_Earth	Glacial_period
Snowball_Earth	Carboniferous
Snowball_Earth	Interglacial
Snowball_Earth	Solar_cycle
Snowball_Earth	Weathering
Snowball_Earth	Global_warming
Snowball_Earth	Climate
Snowball_Earth	Orogeny
Snowball_Earth	Carbon_dioxide
Snowball_Earth	Evaporation
Ton	Energy
Red_giant	Sun
Red_giant	White_dwarf
Proxy_(climate)	Dendrochronology
Proxy_(climate)	Instrumental_temperature_record
Proxy_(climate)	Vegetation
Proxy_(climate)	Greenhouse_gas
Proxy_(climate)	Ice_core
Proxy_(climate)	Atlantic_Ocean
Proxy_(climate)	Climate
Proxy_(climate)	Temperature_record_of_the_past_1000_years
Proxy_(climate)	Ice_sheet
Proxy_(climate)	Borehole
Proxy_(climate)	Carbon_dioxide
Proxy_(climate)	Pollen
Proxy_(climate)	Climate_model
Proxy_(climate)	Palynology
Proxy_(climate)	Global_warming
Vegetation	Flora
Vegetation	Ecosystem
Effects_of_global_warming_on_oceans	Science_(journal)
Effects_of_global_warming_on_oceans	Glacier
Effects_of_global_warming_on_oceans	Climate
Effects_of_global_warming_on_oceans	Thermal_expansion
Effects_of_global_warming_on_oceans	Atlantic_Ocean
Effects_of_global_warming_on_oceans	Carbon_cycle
Effects_of_global_warming_on_oceans	The_New_York_Times
Effects_of_global_warming_on_oceans	Altimeter
Effects_of_global_warming_on_oceans	Ecosystem
Effects_of_global_warming_on_oceans	United_States_Geological_Survey
Effects_of_global_warming_on_oceans	Pacific_Ocean
Effects_of_global_warming_on_oceans	Sea_level_rise
Effects_of_global_warming_on_oceans	Southern_Ocean
Effects_of_global_warming_on_oceans	Carbon_dioxide
Effects_of_global_warming_on_oceans	Ice_sheet
Effects_of_global_warming_on_oceans	Climate_model
Effects_of_global_warming_on_oceans	National_Oceanic_and_Atmospheric_Administration
Effects_of_global_warming_on_oceans	Phytoplankton
Effects_of_global_warming_on_oceans	Weather
Effects_of_global_warming_on_oceans	Intergovernmental_Panel_on_Climate_Change
Great_Oxygenation_Event	Snowball_Earth
Great_Oxygenation_Event	Nature_(journal)
Great_Oxygenation_Event	Atmosphere_of_Earth
Great_Oxygenation_Event	Sulfuric_acid
Great_Oxygenation_Event	The_New_York_Times
Great_Oxygenation_Event	Extinction_event
Great_Oxygenation_Event	Greenhouse_gas
Great_Oxygenation_Event	Carbon_dioxide
Great_Oxygenation_Event	Photosynthesis
Carbon_dioxide	Fossil_fuel
Carbon_dioxide	Autotroph
Carbon_dioxide	Milankovitch_cycles
Carbon_dioxide	Energy
Carbon_dioxide	Deforestation
Carbon_dioxide	Sulfuric_acid
Carbon_dioxide	Carbon_sink
Carbon_dioxide	Greenhouse_gas
Carbon_dioxide	Photosynthesis
Carbon_dioxide	NASA
Carbon_dioxide	Atmosphere_of_Earth
Carbon_dioxide	Glacier
Carbon_dioxide	Fish
Carbon_dioxide	National_Oceanic_and_Atmospheric_Administration
Carbon_dioxide	Ecosystem
Carbon_dioxide	The_New_York_Times
Carbon_dioxide	Volcano
Carbon_dioxide	Nature_(journal)
Carbon_dioxide	Carbon_cycle
Carbon_dioxide	Limestone
Carbon_dioxide	Azolla_event
Carbon_dioxide	Global_warming
Arctic	Science_(journal)
Arctic	Greenhouse_gas
Arctic	Phytoplankton
Arctic	National_Oceanic_and_Atmospheric_Administration
Arctic	Global_warming
Arctic	Carbon_dioxide
Arctic	Climate_model
Ooid	Limestone
Cement	The_New_York_Times
Cement	Volcanic_ash
Cement	Limestone
Cement	Carbon_dioxide
Archaeology	Palynology
Plate_tectonics	Energy
Plate_tectonics	Pacific_Ocean
Plate_tectonics	Volcano
Plate_tectonics	Sun
Plate_tectonics	Continental_drift
Plate_tectonics	Pangaea
Plate_tectonics	United_States_Geological_Survey
Plate_tectonics	Supercontinent
Plate_tectonics	NASA
Plate_tectonics	Woods_Hole_Oceanographic_Institution
Plate_tectonics	American_Geophysical_Union
Plate_tectonics	Lithosphere
Plate_tectonics	Atlantic_Ocean
Plate_tectonics	Orogeny
Plate_tectonics	Nature_(journal)
Carboniferous_rainforest_collapse	Extinction_event
Carboniferous_rainforest_collapse	Global_warming
Carboniferous_rainforest_collapse	Pangaea
Carboniferous_rainforest_collapse	Carboniferous
Southern_Ocean	Pacific_Ocean
Southern_Ocean	Science_(journal)
Southern_Ocean	Antarctic_Circumpolar_Current
Southern_Ocean	National_Oceanic_and_Atmospheric_Administration
Southern_Ocean	Atlantic_Ocean
Southern_Ocean	Royal_Society
Southern_Ocean	NASA
Southern_Ocean	Ozone_depletion
Southern_Ocean	National_Science_Foundation
Southern_Ocean	Ecosystem
Southern_Ocean	Thermohaline_circulation
Southern_Ocean	Phytoplankton
Southern_Ocean	Global_warming
Holocene	Anthropocene
Holocene	Geologic_time_scale
Holocene	Thermohaline_circulation
Holocene	Atlantic_(period)
Holocene	Ecosystem
Holocene	Radiocarbon_dating
Holocene	Science_(journal)
Holocene	Plate_tectonics
Holocene	Ice_core
Holocene	Bond_event
Holocene	Medieval_Warm_Period
Holocene	Younger_Dryas
Holocene	Radiative_forcing
Holocene	Sea_level_rise
Holocene	Little_Ice_Age
Holocene	Lithosphere
Holocene	Atlantic_Ocean
Holocene	Interglacial
Holocene	Quaternary_glaciation
Holocene	Holocene_climatic_optimum
Lignin	Carbon_cycle
Lignin	Vegetation
Lignin	Cement
Lignin	Carboniferous
Pacific_decadal_oscillation	Dendrochronology
Pacific_decadal_oscillation	Proxy_(climate)
Pacific_decadal_oscillation	El_Niño–Southern_Oscillation
Pacific_decadal_oscillation	Medieval_Warm_Period
Pacific_decadal_oscillation	Pacific_Ocean
Pacific_decadal_oscillation	Sea_level_rise
Pacific_decadal_oscillation	National_Oceanic_and_Atmospheric_Administration
Pacific_decadal_oscillation	Atlantic_multidecadal_oscillation
Fossil_fuel	Geologic_time_scale
Fossil_fuel	Sulfuric_acid
Fossil_fuel	Greenhouse_gas
Fossil_fuel	Phytoplankton
Fossil_fuel	Photosynthesis
Fossil_fuel	Radiative_forcing
Fossil_fuel	Carboniferous
Fossil_fuel	Limestone
Fossil_fuel	History_of_Earth
Fossil_fuel	Global_warming
Fossil_fuel	Carbon_dioxide
Fossil_fuel	Sulfur_dioxide
Microclimate	Flora
Microclimate	Atmosphere_of_Earth
Microclimate	Climate
Maunder_Minimum	Science_(journal)
Maunder_Minimum	Dendrochronology
Maunder_Minimum	Spörer_Minimum
Maunder_Minimum	Proxy_(climate)
Maunder_Minimum	Sunspot
Maunder_Minimum	Global_warming
Maunder_Minimum	Archaeology
Maunder_Minimum	Little_Ice_Age
Maunder_Minimum	Radiocarbon_dating
Weather	Desertification
Weather	Ecosystem
Weather	The_New_York_Times
Weather	Greenhouse_gas
Weather	Science_(journal)
Weather	Sun
Weather	Milankovitch_cycles
Weather	Vostok_Station
Weather	NASA
Weather	Albedo
Weather	Monsoon
Weather	Glacial_period
Weather	Little_Ice_Age
Weather	National_Oceanic_and_Atmospheric_Administration
Weather	Sunlight
Weather	Stratosphere
Weather	Atmosphere_of_Earth
Weather	Global_warming
Weather	Climate
Weather	Human_impact_on_the_environment
Weather	Extreme_weather
Weather	Sulfur_dioxide
Weather	Cloud
Ice_sheet	Pliocene
Ice_sheet	Glacier
Ice_sheet	Geothermal_gradient
Ice_sheet	Last_Glacial_Maximum
Ice_sheet	Global_warming
Ice_sheet	Intergovernmental_Panel_on_Climate_Change
Ice_sheet	Sea_level_rise
Ice_sheet	NASA
Ice_sheet	Glacial_period
Ice_sheet	Antarctic_ice_sheet
Ice_sheet	Nature_(journal)
Raised_beach	Geologic_time_scale
Raised_beach	Interglacial
Raised_beach	Pacific_Ocean
Raised_beach	Pollen
Raised_beach	Periglaciation
Raised_beach	Radiocarbon_dating
Raised_beach	Glacier
Raised_beach	Tephra
Raised_beach	Glacial_period
Raised_beach	Weathering
Raised_beach	Global_warming
Sea_level_rise	Hydrosphere
Sea_level_rise	Last_Glacial_Maximum
Sea_level_rise	Geologic_time_scale
Sea_level_rise	Retreat_of_glaciers_since_1850
Sea_level_rise	Ecosystem
Sea_level_rise	El_Niño
Sea_level_rise	The_New_York_Times
Sea_level_rise	El_Niño–Southern_Oscillation
Sea_level_rise	Thermohaline_circulation
Sea_level_rise	Glacier_mass_balance
Sea_level_rise	Science_(journal)
Sea_level_rise	Glacier
Sea_level_rise	IPCC_Third_Assessment_Report
Sea_level_rise	General_circulation_model
Sea_level_rise	Nature_(journal)
Sea_level_rise	Altimeter
Sea_level_rise	United_States_Geological_Survey
Sea_level_rise	Younger_Dryas
Sea_level_rise	Carbon_cycle
Sea_level_rise	Coral_reef
Sea_level_rise	Tide_gauge
Sea_level_rise	Effects_of_global_warming_on_oceans
Sea_level_rise	Ice_sheet
Sea_level_rise	National_Oceanic_and_Atmospheric_Administration
Sea_level_rise	Antarctic_ice_sheet
Sea_level_rise	Pliocene
Sea_level_rise	Thermal_expansion
Sea_level_rise	Global_warming
Sea_level_rise	Intergovernmental_Panel_on_Climate_Change
Sea_level_rise	Primary_production
Sea_level_rise	IPCC_Fourth_Assessment_Report
Sea_level_rise	National_Research_Council_(United_States)
Sunlight	Ice_age
Sunlight	World_Meteorological_Organization
Sunlight	Sun
Sunlight	Fossil_fuel
Sunlight	Autotroph
Sunlight	Axial_tilt
Sunlight	Milankovitch_cycles
Sunlight	Photosynthesis
Sunlight	Solar_irradiance
Sunlight	Solar_cycle
Sunlight	Atmosphere_of_Earth
Sunlight	Cloud
Sunlight	Orbital_eccentricity
Heinrich_event	Geothermal_gradient
Heinrich_event	Proxy_(climate)
Heinrich_event	Dansgaard–Oeschger_event
Heinrich_event	Bond_event
Heinrich_event	Younger_Dryas
Heinrich_event	Abrupt_climate_change
Heinrich_event	Thermohaline_circulation
Heinrich_event	Pollen
Heinrich_event	Gulf_Stream
Monsoon	Atlantic_Ocean
Monsoon	El_Niño
Monsoon	Atmosphere_of_Earth
Monsoon	Sahara
Spörer_Minimum	Science_(journal)
Spörer_Minimum	Climate
Spörer_Minimum	Dendrochronology
Spörer_Minimum	Sunspot
Spörer_Minimum	Maunder_Minimum
Spörer_Minimum	Proxy_(climate)
Spörer_Minimum	Solar_cycle
Glacial_period	Cyclostratigraphy
Glacial_period	Ice_age
Glacial_period	Snowball_Earth
Glacial_period	Last_Glacial_Maximum
Glacial_period	Quaternary_glaciation
Glacial_period	Geologic_time_scale
Glacial_period	Milankovitch_cycles
Glacial_period	Glacier
Glacial_period	Interglacial
Glacial_period	Holocene
Glacial_period	Global_warming
Glacial_period	Climate
Glacial_period	Precession
Glacial_period	Carbon_dioxide
Glacial_period	Human_impact_on_the_environment
Glacial_period	Orbital_forcing
Little_Ice_Age	Global_cooling
Little_Ice_Age	Ice_age
Little_Ice_Age	Instrumental_temperature_record
Little_Ice_Age	Retreat_of_glaciers_since_1850
Little_Ice_Age	El_Niño
Little_Ice_Age	El_Niño–Southern_Oscillation
Little_Ice_Age	Volcano
Little_Ice_Age	Greenhouse_gas
Little_Ice_Age	Thermohaline_circulation
Little_Ice_Age	Periglaciation
Little_Ice_Age	Sulfuric_acid
Little_Ice_Age	Science_(journal)
Little_Ice_Age	Glacier
Little_Ice_Age	Spörer_Minimum
Little_Ice_Age	IPCC_Third_Assessment_Report
Little_Ice_Age	General_circulation_model
Little_Ice_Age	Ice_core
Little_Ice_Age	Sunspot
Little_Ice_Age	Mount_Tambora
Little_Ice_Age	Medieval_Warm_Period
Little_Ice_Age	Younger_Dryas
Little_Ice_Age	Arctic
Little_Ice_Age	Bond_event
Little_Ice_Age	Maunder_Minimum
Little_Ice_Age	Orbital_forcing
Little_Ice_Age	Woods_Hole_Oceanographic_Institution
Little_Ice_Age	Year_Without_a_Summer
Little_Ice_Age	Albedo
Little_Ice_Age	Solar_cycle
Little_Ice_Age	Stratosphere
Little_Ice_Age	Atlantic_Ocean
Little_Ice_Age	Intergovernmental_Panel_on_Climate_Change
Little_Ice_Age	IPCC_Fourth_Assessment_Report
Little_Ice_Age	Sahara
Little_Ice_Age	Holocene_climatic_optimum
Little_Ice_Age	Sulfur_dioxide
American_Geophysical_Union	The_New_York_Times
American_Geophysical_Union	Greenhouse_gas
American_Geophysical_Union	Scientific_opinion_on_climate_change
American_Geophysical_Union	United_States_Geological_Survey
American_Geophysical_Union	Scientist
American_Geophysical_Union	Fossil_fuel
American_Geophysical_Union	Cryosphere
American_Geophysical_Union	American_Association_for_the_Advancement_of_Science
American_Geophysical_Union	National_Research_Council_(United_States)
American_Geophysical_Union	Water_cycle
American_Geophysical_Union	National_Academy_of_Sciences
Radiative_forcing	Solar_irradiance
Radiative_forcing	Sun
Radiative_forcing	Ozone_depletion
Radiative_forcing	Sunlight
Radiative_forcing	Nature_(journal)
Radiative_forcing	NASA
Radiative_forcing	Greenhouse_gas
Radiative_forcing	General_circulation_model
Radiative_forcing	Aerosol
Radiative_forcing	Carbon_dioxide
Radiative_forcing	IPCC_Fourth_Assessment_Report
Radiative_forcing	National_Research_Council_(United_States)
Radiative_forcing	Intergovernmental_Panel_on_Climate_Change
Radiative_forcing	Albedo
National_Oceanic_and_Atmospheric_Administration	Ozone_depletion
National_Oceanic_and_Atmospheric_Administration	Atmosphere_of_Earth
National_Oceanic_and_Atmospheric_Administration	Global_warming
National_Oceanic_and_Atmospheric_Administration	Intergovernmental_Panel_on_Climate_Change
National_Oceanic_and_Atmospheric_Administration	Weather
Atlantic_multidecadal_oscillation	Science_(journal)
Atlantic_multidecadal_oscillation	Atlantic_Ocean
Atlantic_multidecadal_oscillation	Nature_(journal)
Atlantic_multidecadal_oscillation	Global_warming
Atlantic_multidecadal_oscillation	El_Niño
Atlantic_multidecadal_oscillation	El_Niño–Southern_Oscillation
Atlantic_multidecadal_oscillation	Greenhouse_gas
Atlantic_multidecadal_oscillation	Thermohaline_circulation
Atlantic_multidecadal_oscillation	Climate_model
Dendroclimatology	Dendrochronology
Dendroclimatology	Proxy_(climate)
Dendroclimatology	Sunspot
Dendroclimatology	Climate
Dendroclimatology	Temperature_record_of_the_past_1000_years
Dendroclimatology	Borehole
Dendroclimatology	Holocene
Dendroclimatology	National_Oceanic_and_Atmospheric_Administration
United_Nations_Framework_Convention_on_Climate_Change	Greenhouse_gas
United_Nations_Framework_Convention_on_Climate_Change	Intergovernmental_Panel_on_Climate_Change
United_Nations_Framework_Convention_on_Climate_Change	Climate
United_Nations_Framework_Convention_on_Climate_Change	IPCC_Fourth_Assessment_Report
United_Nations_Framework_Convention_on_Climate_Change	Carbon_dioxide
United_Nations_Framework_Convention_on_Climate_Change	Human_impact_on_the_environment
Geologic_record	Climate
Geologic_record	Geologic_time_scale
Geologic_record	Weathering
Geologic_record	United_States_Geological_Survey
Geologic_record	Orogeny
Geologic_record	Limestone
Pliocene	Geologic_time_scale
Pliocene	Pacific_Ocean
Pliocene	Glacier
Pliocene	Plate_tectonics
Pliocene	Isthmus_of_Panama
Pliocene	Atlantic_Ocean
Carboniferous	Carboniferous_rainforest_collapse
Carboniferous	Permo-Carboniferous
Carboniferous	Glacier
Carboniferous	Pangaea
Carboniferous	Supercontinent
Carboniferous	Extinction_event
Carboniferous	Glacial_period
Carboniferous	Lignin
Carboniferous	Orogeny
Carboniferous	Limestone
Antarctic_ice_sheet	Ozone_depletion
Antarctic_ice_sheet	Nature_(journal)
Antarctic_ice_sheet	Ice_sheet
Antarctic_ice_sheet	Sea_level_rise
Antarctic_ice_sheet	Glacial_period
Antarctic_ice_sheet	Ice_age
Antarctic_ice_sheet	Oxygen_isotope_ratio_cycle
Antarctic_ice_sheet	NASA
Fish	Pacific_Ocean
Fish	Coral_reef
Fish	Carbon_dioxide
IPCC_Third_Assessment_Report	Instrumental_temperature_record
IPCC_Third_Assessment_Report	General_circulation_model
IPCC_Third_Assessment_Report	Radiative_forcing
IPCC_Third_Assessment_Report	Global_warming
IPCC_Third_Assessment_Report	Greenhouse_gas
IPCC_Third_Assessment_Report	Scientific_opinion_on_climate_change
IPCC_Third_Assessment_Report	Intergovernmental_Panel_on_Climate_Change
IPCC_Third_Assessment_Report	Sea_level_rise
IPCC_Third_Assessment_Report	Royal_Society
IPCC_Third_Assessment_Report	IPCC_Fourth_Assessment_Report
IPCC_Third_Assessment_Report	National_Research_Council_(United_States)
IPCC_Third_Assessment_Report	World_Meteorological_Organization
IPCC_Third_Assessment_Report	Aerosol
Solar_cycle	Science_(journal)
Solar_cycle	Sun
Solar_cycle	Satellite
Solar_cycle	Sunspot
Solar_cycle	Intergovernmental_Panel_on_Climate_Change
Solar_cycle	Radiative_forcing
Solar_cycle	NASA
Solar_cycle	Albedo
Solar_cycle	Dendrochronology
Solar_cycle	Solar_irradiance
Solar_cycle	Dendroclimatology
Solar_cycle	Maunder_Minimum
Solar_cycle	Ice_sheet
Solar_cycle	Spörer_Minimum
Solar_cycle	American_Geophysical_Union
Solar_cycle	Sunlight
Solar_cycle	Global_warming
Solar_cycle	CERN
Solar_cycle	Stratosphere
Isthmus_of_Panama	Atlantic_Ocean
Isthmus_of_Panama	Quaternary_glaciation
Isthmus_of_Panama	Volcano
Isthmus_of_Panama	Plate_tectonics
Isthmus_of_Panama	Island
Isthmus_of_Panama	Pacific_Ocean
Isthmus_of_Panama	Gulf_Stream
Azolla_event	Snowball_Earth
Azolla_event	Paleocene–Eocene_Thermal_Maximum
Azolla_event	Continental_drift
Azolla_event	Carbon_dioxide
Azolla_event	Palynology
Forest_genetic_resources	Forest_reproductive_material
Historical_document	Archaeology
Ecological_threshold	Ecosystem
Woods_Hole_Oceanographic_Institution	National_Academy_of_Sciences
Woods_Hole_Oceanographic_Institution	National_Science_Foundation
Paleocene–Eocene_Thermal_Maximum	Isthmus_of_Panama
Paleocene–Eocene_Thermal_Maximum	Azolla_event
Paleocene–Eocene_Thermal_Maximum	Plate_tectonics
Paleocene–Eocene_Thermal_Maximum	Proxy_(climate)
Paleocene–Eocene_Thermal_Maximum	Extinction_event
Paleocene–Eocene_Thermal_Maximum	Milankovitch_cycles
Paleocene–Eocene_Thermal_Maximum	Atlantic_Ocean
Paleocene–Eocene_Thermal_Maximum	Global_warming
Paleocene–Eocene_Thermal_Maximum	Abrupt_climate_change
Paleocene–Eocene_Thermal_Maximum	Pacific_Ocean
Paleocene–Eocene_Thermal_Maximum	Greenhouse_gas
Paleocene–Eocene_Thermal_Maximum	Carbon_cycle
Paleocene–Eocene_Thermal_Maximum	Volcano
Paleocene–Eocene_Thermal_Maximum	Nature_(journal)
Paleocene–Eocene_Thermal_Maximum	Palynology
Paleocene–Eocene_Thermal_Maximum	Arctic
Hadean	Geologic_time_scale
Hadean	Nature_(journal)
Hadean	Archean
Hadean	American_Geophysical_Union
Hadean	History_of_Earth
Polar_desert	Arctic
Polar_desert	Global_warming
Polar_desert	Ice_age
White_dwarf	Sun
White_dwarf	Red_giant
Center_for_Media_and_Democracy	The_New_York_Times
Quaternary_glaciation	Global_cooling
Quaternary_glaciation	Ice_age
Quaternary_glaciation	Last_Glacial_Maximum
Quaternary_glaciation	Geologic_time_scale
Quaternary_glaciation	The_New_York_Times
Quaternary_glaciation	Pacific_Ocean
Quaternary_glaciation	Greenhouse_gas
Quaternary_glaciation	Science_(journal)
Quaternary_glaciation	Glacier
Quaternary_glaciation	Ice_core
Quaternary_glaciation	Milankovitch_cycles
Quaternary_glaciation	Vostok_Station
Quaternary_glaciation	Orbital_forcing
Quaternary_glaciation	Moraine
Quaternary_glaciation	Albedo
Quaternary_glaciation	Snowball_Earth
Quaternary_glaciation	Plate_tectonics
Quaternary_glaciation	Ice_sheet
Quaternary_glaciation	Glacial_period
Quaternary_glaciation	National_Oceanic_and_Atmospheric_Administration
Quaternary_glaciation	Antarctic_ice_sheet
Quaternary_glaciation	Isthmus_of_Panama
Quaternary_glaciation	Lithosphere
Quaternary_glaciation	Atlantic_Ocean
Quaternary_glaciation	Interglacial
Quaternary_glaciation	Climate
Quaternary_glaciation	Precession
Quaternary_glaciation	Holocene
Quaternary_glaciation	Orbital_eccentricity
Lithosphere	Plate_tectonics
Lithosphere	Hydrosphere
Lithosphere	Atmosphere_of_Earth
Lithosphere	Biosphere
Lithosphere	Cryosphere
Toba_catastrophe_theory	Types_of_volcanic_eruptions
Toba_catastrophe_theory	Year_Without_a_Summer
Toba_catastrophe_theory	Dansgaard–Oeschger_event
Toba_catastrophe_theory	Supervolcano
Toba_catastrophe_theory	Ice_core
Toba_catastrophe_theory	Nature_(journal)
Toba_catastrophe_theory	Mount_Tambora
Toba_catastrophe_theory	Sulfur_dioxide
CLOUD_experiment	Sulfuric_acid
CLOUD_experiment	Nature_(journal)
CLOUD_experiment	CERN
Deforestation	Water_cycle
Deforestation	Fossil_fuel
Deforestation	Ton
Deforestation	Carbon_sink
Deforestation	Carboniferous_rainforest_collapse
Deforestation	Photosynthesis
Deforestation	Palynology
Deforestation	Atmosphere_of_Earth
Deforestation	Desertification
Deforestation	Flora
Deforestation	Glacial_period
Deforestation	Arid
Deforestation	Intergovernmental_Panel_on_Climate_Change
Deforestation	Human_impact_on_the_environment
Deforestation	Ecosystem
Deforestation	Volcano
Deforestation	Pollen
Deforestation	Archaeology
Deforestation	Carbon_cycle
Deforestation	Evapotranspiration
Deforestation	United_Nations_Framework_Convention_on_Climate_Change
Deforestation	Climate
Deforestation	Carbon_dioxide
Atlantic_Ocean	Extinction_event
Atlantic_Ocean	Pacific_Ocean
Atlantic_Ocean	Little_Ice_Age
Atlantic_Ocean	Gulf_Stream
Atlantic_Ocean	Plate_tectonics
Atlantic_Ocean	Antarctic_ice_sheet
Atlantic_Ocean	Large_igneous_province
Atlantic_Ocean	Last_Glacial_Maximum
Atlantic_Ocean	Fish
Atlantic_Ocean	Arctic
Atlantic_Ocean	Atlantic_multidecadal_oscillation
Atlantic_Ocean	Thermohaline_circulation
Atlantic_Ocean	Pangaea
Atlantic_Ocean	Southern_Ocean
Atlantic_Ocean	Global_warming
Scientist	National_Science_Foundation
Scientist	Palynology
Scientist	Archaeology
Scientist	Glaciology
Year_Without_a_Summer	Global_cooling
Year_Without_a_Summer	The_New_York_Times
Year_Without_a_Summer	Pacific_Ocean
Year_Without_a_Summer	Tephra
Year_Without_a_Summer	Mount_Tambora
Year_Without_a_Summer	Solar_irradiance
Year_Without_a_Summer	Mount_Pinatubo
Year_Without_a_Summer	Monsoon
Year_Without_a_Summer	Little_Ice_Age
Year_Without_a_Summer	Toba_catastrophe_theory
Year_Without_a_Summer	Ice_core
Island	Pacific_Ocean
Island	Volcano
Island	Plate_tectonics
Island	Coral_reef
Island	Lithosphere
Island	Atlantic_Ocean
Microwave_sounding_unit	Stratosphere
Archean	Geologic_time_scale
Archean	Faint_young_Sun_paradox
Archean	Volcano
Archean	Plate_tectonics
Archean	Nature_(journal)
Archean	Supercontinent
Archean	Hadean
Archean	History_of_Earth
Archean	Lithosphere
Archean	Orogeny
Archean	Carbon_dioxide
Atmosphere_of_Earth	Hydrosphere
Atmosphere_of_Earth	Geologic_time_scale
Atmosphere_of_Earth	Faint_young_Sun_paradox
Atmosphere_of_Earth	Instrumental_temperature_record
Atmosphere_of_Earth	The_New_York_Times
Atmosphere_of_Earth	Greenhouse_gas
Atmosphere_of_Earth	Pollen
Atmosphere_of_Earth	Plate_tectonics
Atmosphere_of_Earth	Sun
Atmosphere_of_Earth	Ozone_depletion
Atmosphere_of_Earth	Biosphere
Atmosphere_of_Earth	Intergovernmental_Panel_on_Climate_Change
Atmosphere_of_Earth	Aerosol
Atmosphere_of_Earth	Types_of_volcanic_eruptions
Atmosphere_of_Earth	Photosynthesis
Atmosphere_of_Earth	Carbon_cycle
Atmosphere_of_Earth	Temperature_record
Atmosphere_of_Earth	Solar_irradiance
Atmosphere_of_Earth	Great_Oxygenation_Event
Atmosphere_of_Earth	Human_impact_on_the_environment
Atmosphere_of_Earth	Archean
Atmosphere_of_Earth	Lithosphere
Atmosphere_of_Earth	Interglacial
Atmosphere_of_Earth	Global_warming
Atmosphere_of_Earth	Particulates
Atmosphere_of_Earth	Volcanic_ash
Atmosphere_of_Earth	IPCC_Fourth_Assessment_Report
Atmosphere_of_Earth	Carbon_dioxide
Atmosphere_of_Earth	Stratosphere
Atmosphere_of_Earth	Weather
Atmosphere_of_Earth	Sulfur_dioxide
Atmosphere_of_Earth	Cloud
Global_warming	Instrumental_temperature_record
Global_warming	Anthropocene
Global_warming	Greenhouse_gas
Global_warming	Retreat_of_glaciers_since_1850
Global_warming	Ecosystem
Global_warming	The_New_York_Times
Global_warming	El_Niño–Southern_Oscillation
Global_warming	Volcano
Global_warming	Thermohaline_circulation
Global_warming	World_Meteorological_Organization
Global_warming	Medieval_Warm_Period
Global_warming	Glacier
Global_warming	Fossil_fuel
Global_warming	Climate
Global_warming	Ozone_depletion
Global_warming	Abrupt_climate_change
Global_warming	Temperature_record_of_the_past_1000_years
Global_warming	Satellite
Global_warming	Ice_core
Global_warming	Sunspot
Global_warming	OR_Books
Global_warming	Effects_of_global_warming_on_oceans
Global_warming	Scientific_opinion_on_climate_change
Global_warming	Intergovernmental_Panel_on_Climate_Change
Global_warming	Satellite_temperature_measurements
Global_warming	Radiative_forcing
Global_warming	Carbon_cycle
Global_warming	Orbital_forcing
Global_warming	Stratosphere
Global_warming	Temperature_record
Global_warming	Coral_reef
Global_warming	Solar_irradiance
Global_warming	United_Nations_Framework_Convention_on_Climate_Change
Global_warming	NASA
Global_warming	Proxy_(climate)
Global_warming	Ice_sheet
Global_warming	Sea_level_rise
Global_warming	Monsoon
Global_warming	Albedo
Global_warming	Little_Ice_Age
Global_warming	American_Geophysical_Union
Global_warming	National_Oceanic_and_Atmospheric_Administration
Global_warming	Global_cooling
Global_warming	IPCC_Third_Assessment_Report
Global_warming	IPCC_Fourth_Assessment_Report
Global_warming	Solar_cycle
Global_warming	Deforestation
Global_warming	Royal_Society
Global_warming	Carbon_dioxide
Global_warming	Liberty_Fund
Global_warming	Climate_model
Global_warming	Limestone
Global_warming	National_Research_Council_(United_States)
Global_warming	National_Academy_of_Sciences
Global_warming	Southern_Ocean
Global_warming	Extreme_weather
Global_warming	Sahara
Central_tendency	Statistical_dispersion
Climate	Global_cooling
Climate	Ice_age
Climate	Instrumental_temperature_record
Climate	Hydrosphere
Climate	Environmental_policy
Climate	Ecosystem
Climate	The_New_York_Times
Climate	Greenhouse_gas
Climate	World_Meteorological_Organization
Climate	United_Nations_Framework_Convention_on_Climate_Change
Climate	Plate_tectonics
Climate	Sun
Climate	IPCC_Third_Assessment_Report
Climate	General_circulation_model
Climate	Ice_core
Climate	Lithosphere
Climate	Biosphere
Climate	Vostok_Station
Climate	NASA
Climate	Evapotranspiration
Climate	Dendrochronology
Climate	Solar_irradiance
Climate	Proxy_(climate)
Climate	Arctic
Climate	Microclimate
Climate	Monsoon
Climate	National_Oceanic_and_Atmospheric_Administration
Climate	Thermohaline_circulation
Climate	Solar_cycle
Climate	Atlantic_Ocean
Climate	Interglacial
Climate	Atmosphere_of_Earth
Climate	Global_warming
Climate	Intergovernmental_Panel_on_Climate_Change
Climate	Carbon_dioxide
Climate	Cryosphere
Climate	Climate_model
Climate	Albedo
Climate	Weather
Particulates	Sulfuric_acid
Particulates	Volcano
Particulates	Greenhouse_gas
Particulates	Mount_Pinatubo
Particulates	Fossil_fuel
Particulates	Intergovernmental_Panel_on_Climate_Change
Particulates	Aerosol
Particulates	Solar_irradiance
Particulates	Radiative_forcing
Particulates	Global_warming
Particulates	Climate_model
Particulates	Albedo
Particulates	Sahara
Particulates	Cloud
Abrupt_climate_change	Science_(journal)
Abrupt_climate_change	Fossil_fuel
Abrupt_climate_change	Woods_Hole_Oceanographic_Institution
Abrupt_climate_change	Paleocene–Eocene_Thermal_Maximum
Abrupt_climate_change	Albedo
Abrupt_climate_change	Ice_age
Abrupt_climate_change	Heinrich_event
Abrupt_climate_change	Extinction_event
Abrupt_climate_change	Ice_core
Abrupt_climate_change	Atlantic_Ocean
Abrupt_climate_change	Carboniferous_rainforest_collapse
Abrupt_climate_change	Global_warming
Abrupt_climate_change	Greenhouse_gas
Abrupt_climate_change	El_Niño
Abrupt_climate_change	United_States_Geological_Survey
Abrupt_climate_change	Dansgaard–Oeschger_event
Abrupt_climate_change	Younger_Dryas
Abrupt_climate_change	Intergovernmental_Panel_on_Climate_Change
Abrupt_climate_change	Thermohaline_circulation
Abrupt_climate_change	American_Geophysical_Union
Abrupt_climate_change	National_Research_Council_(United_States)
Abrupt_climate_change	Antarctic_ice_sheet
Abrupt_climate_change	Nature_(journal)
Flora	Vegetation
Flora	Ecosystem
Flora	Fauna
Satellite	National_Academy_of_Sciences
Satellite	NASA
Satellite	National_Science_Foundation
Satellite	Orbital_eccentricity
Satellite	The_New_York_Times
Satellite	Sun
Satellite	Climate
Primary_production	Ecosystem
Primary_production	Phytoplankton
Primary_production	Science_(journal)
Primary_production	Autotroph
Primary_production	Axial_tilt
Primary_production	Nature_(journal)
Primary_production	Biosphere
Primary_production	Photosynthesis
Primary_production	Carbon_cycle
Primary_production	NASA
Primary_production	Southern_Ocean
Primary_production	Sunlight
Primary_production	Atlantic_Ocean
Primary_production	Weather
Primary_production	Satellite
Primary_production	Carbon_dioxide
Primary_production	Evaporation
Primary_production	Pacific_Ocean
Beryllium	Sulfuric_acid
Beryllium	Proxy_(climate)
Beryllium	Satellite
Beryllium	Thermal_expansion
Beryllium	Solar_cycle
Beryllium	Atmosphere_of_Earth
Beryllium	Ice_core
Royal_Society	Science_(journal)
Royal_Society	American_Association_for_the_Advancement_of_Science
Orogeny	Geothermal_gradient
Orogeny	Plate_tectonics
Orogeny	Continental_drift
Orogeny	Lithosphere
IPCC_Fourth_Assessment_Report	Solar_irradiance
IPCC_Fourth_Assessment_Report	Greenhouse_gas
IPCC_Fourth_Assessment_Report	Glacier
IPCC_Fourth_Assessment_Report	Fossil_fuel
IPCC_Fourth_Assessment_Report	IPCC_Third_Assessment_Report
IPCC_Fourth_Assessment_Report	General_circulation_model
IPCC_Fourth_Assessment_Report	Medieval_Warm_Period
IPCC_Fourth_Assessment_Report	Cement
IPCC_Fourth_Assessment_Report	Ice_sheet
IPCC_Fourth_Assessment_Report	Sea_level_rise
IPCC_Fourth_Assessment_Report	Little_Ice_Age
IPCC_Fourth_Assessment_Report	Radiative_forcing
IPCC_Fourth_Assessment_Report	United_Nations_Framework_Convention_on_Climate_Change
IPCC_Fourth_Assessment_Report	Deforestation
IPCC_Fourth_Assessment_Report	Atlantic_Ocean
IPCC_Fourth_Assessment_Report	Global_warming
IPCC_Fourth_Assessment_Report	Particulates
IPCC_Fourth_Assessment_Report	Intergovernmental_Panel_on_Climate_Change
IPCC_Fourth_Assessment_Report	Royal_Society
IPCC_Fourth_Assessment_Report	Carbon_dioxide
IPCC_Fourth_Assessment_Report	Human_impact_on_the_environment
IPCC_Fourth_Assessment_Report	Climate_model
Detritus	Ecosystem
Human_impact_on_the_environment	Anthropocene
Human_impact_on_the_environment	Greenhouse_gas
Human_impact_on_the_environment	Science_(journal)
Human_impact_on_the_environment	Ice_age
Human_impact_on_the_environment	Nature_(journal)
Human_impact_on_the_environment	Coral_reef
Human_impact_on_the_environment	Carbon_dioxide
Human_impact_on_the_environment	Deforestation
Human_impact_on_the_environment	Global_warming
Human_impact_on_the_environment	Particulates
Human_impact_on_the_environment	Carbon_sink
Human_impact_on_the_environment	Evaporation
Gulf_Stream	Boundary_current
Gulf_Stream	Antarctic_Circumpolar_Current
Gulf_Stream	Arctic
Gulf_Stream	Atlantic_Ocean
Gulf_Stream	NASA
Gulf_Stream	Continental_climate
Gulf_Stream	Thermohaline_circulation
Gulf_Stream	National_Oceanic_and_Atmospheric_Administration
Gulf_Stream	Evaporation
Ice_core	El_Niño–Southern_Oscillation
Ice_core	Pollen
Ice_core	Glacier
Ice_core	Ozone_depletion
Ice_core	Volcanic_ash
Ice_core	Vostok_Station
Ice_core	NASA
Ice_core	Temperature_record
Ice_core	Dendrochronology
Ice_core	Proxy_(climate)
Ice_core	Southern_Ocean
Ice_core	Ice_sheet
Ice_core	Little_Ice_Age
Ice_core	Solar_cycle
Ice_core	Climate
Ice_core	Abrupt_climate_change
Ice_core	Holocene
Ice_core	Holocene_climatic_optimum
Ice_core	Nature_(journal)
CORA_dataset	National_Oceanic_and_Atmospheric_Administration
Cryosphere	Hydrosphere
Cryosphere	Ecosystem
Cryosphere	Glacier_mass_balance
Cryosphere	Water_cycle
Cryosphere	Glacier
Cryosphere	Satellite
Cryosphere	Energy
Cryosphere	Albedo
Cryosphere	Solar_irradiance
Cryosphere	Vegetation
Cryosphere	Arctic
Cryosphere	Ice_sheet
Cryosphere	Monsoon
Cryosphere	Antarctic_ice_sheet
Cryosphere	Atmosphere_of_Earth
Cryosphere	Climate
Cryosphere	Intergovernmental_Panel_on_Climate_Change
Cryosphere	Climate_model
Cryosphere	Cloud
Climate_model	General_circulation_model
Climate_model	Energy
Climate_model	Atmosphere_of_Earth
Climate_model	Climate
Climate_model	Ecosystem
Climate_model	Intergovernmental_Panel_on_Climate_Change
Climate_model	Cryosphere
Climate_model	Carbon_cycle
Climate_model	National_Research_Council_(United_States)
Climate_model	World_Meteorological_Organization
Climate_model	National_Oceanic_and_Atmospheric_Administration
Climate_model	Greenhouse_gas
Climate_model	Albedo
Limestone	Cement
Limestone	Ooid
Limestone	Detritus
Limestone	Weathering
Limestone	Orogeny
Limestone	Sulfur_dioxide
Carbon_sink	Ice_age
Carbon_sink	Fauna
Carbon_sink	Thermohaline_circulation
Carbon_sink	Weathering
Carbon_sink	Phytoplankton
Carbon_sink	Fossil_fuel
Carbon_sink	Climate
Carbon_sink	Photosynthesis
Carbon_sink	Carbon_cycle
Carbon_sink	Albedo
Carbon_sink	Ton
Carbon_sink	Carbon_dioxide
Carbon_sink	Southern_Ocean
Carbon_sink	Limestone
Carbon_sink	National_Oceanic_and_Atmospheric_Administration
Carbon_sink	Lignin
Carbon_sink	Deforestation
Carbon_sink	Atmosphere_of_Earth
Carbon_sink	Intergovernmental_Panel_on_Climate_Change
Carbon_sink	Primary_production
Carbon_sink	Human_impact_on_the_environment
National_Research_Council_(United_States)	Global_warming
National_Research_Council_(United_States)	Intergovernmental_Panel_on_Climate_Change
National_Research_Council_(United_States)	Sea_level_rise
National_Research_Council_(United_States)	Greenhouse_gas
National_Research_Council_(United_States)	National_Academy_of_Sciences
Large_igneous_province	Supervolcano
Large_igneous_province	Extinction_event
Large_igneous_province	Geologic_time_scale
Large_igneous_province	Plate_tectonics
Large_igneous_province	Flood_basalt
Large_igneous_province	Lithosphere
Large_igneous_province	Orogeny
National_Academy_of_Sciences	Greenhouse_gas
National_Academy_of_Sciences	Global_warming
National_Academy_of_Sciences	National_Science_Foundation
History_of_Earth	Geothermal_gradient
History_of_Earth	Ice_age
History_of_Earth	Science_(journal)
History_of_Earth	Extinction_event
History_of_Earth	Snowball_Earth
History_of_Earth	Great_Oxygenation_Event
History_of_Earth	Hadean
History_of_Earth	Carboniferous
History_of_Earth	Gulf_Stream
History_of_Earth	Orogeny
History_of_Earth	Geologic_time_scale
History_of_Earth	Global_cooling
History_of_Earth	Greenhouse_gas
History_of_Earth	Anno_Domini
History_of_Earth	Plate_tectonics
History_of_Earth	Biosphere
History_of_Earth	Photosynthesis
History_of_Earth	NASA
History_of_Earth	Royal_Society
History_of_Earth	Pliocene
History_of_Earth	Weathering
History_of_Earth	Cloud
History_of_Earth	Faint_young_Sun_paradox
History_of_Earth	National_Science_Foundation
History_of_Earth	Supercontinent
History_of_Earth	Fish
History_of_Earth	The_New_York_Times
History_of_Earth	Volcano
History_of_Earth	Archean
History_of_Earth	Global_warming
History_of_Earth	Nature_(journal)
History_of_Earth	Pangaea
History_of_Earth	Sun
History_of_Earth	Limestone
Extreme_weather	Types_of_volcanic_eruptions
Extreme_weather	Year_Without_a_Summer
Extreme_weather	Thermal_expansion
Extreme_weather	Evaporation
Extreme_weather	Global_warming
Extreme_weather	Nature_(journal)
Extreme_weather	Greenhouse_gas
Extreme_weather	Intergovernmental_Panel_on_Climate_Change
Extreme_weather	Weather
Extreme_weather	Human_impact_on_the_environment
Extreme_weather	Cryosphere
Extreme_weather	National_Oceanic_and_Atmospheric_Administration
Extreme_weather	World_Meteorological_Organization
Extreme_weather	NASA
Evaporation	Water_cycle
Evaporation	Aerosol
Evaporation	Cloud
Evaporation	Evapotranspiration
Stratosphere	Biosphere
Stratosphere	Atmosphere_of_Earth
Blue_carbon	Ecosystem
Blue_carbon	Photosynthesis
Blue_carbon	Human_impact_on_the_environment
Blue_carbon	Lignin
Blue_carbon	Deforestation
Blue_carbon	Carbon_dioxide
Blue_carbon	Limestone
Blue_carbon	Carbon_sink
Sahara	Desertification
Sahara	Ice_age
Sahara	Evapotranspiration
Sahara	Archaeology
Sahara	Vegetation
Sahara	Arctic
Sahara	Axial_tilt
Sahara	Sunlight
Sahara	Atlantic_Ocean
Sahara	American_Association_for_the_Advancement_of_Science
Cloud	Sulfuric_acid
Cloud	Greenhouse_gas
Cloud	World_Meteorological_Organization
Cloud	Global_warming
Cloud	Sun
Cloud	Aerosol
Cloud	NASA
Cloud	Solar_irradiance
Cloud	Albedo
Cloud	National_Oceanic_and_Atmospheric_Administration
Cloud	Atmosphere_of_Earth
Cloud	Climate
Cloud	Stratosphere
Cloud	Weather
Cloud	Sulfur_dioxide
Complex_system	Biosphere
Complex_system	Climate
Complex_system	Ecosystem
Palynology	Geothermal_gradient
Palynology	Pollen
Palynology	Sulfuric_acid
Palynology	Phytoplankton
Palynology	Archaeology
Palynology	Geologic_time_scale
Palynology	Vegetation
Palynology	Human_impact_on_the_environment
Palynology	Holocene
Holocene_climatic_optimum	Temperature_record
Holocene_climatic_optimum	Medieval_Warm_Period
Holocene_climatic_optimum	Solar_irradiance
Holocene_climatic_optimum	Atlantic_(period)
Holocene_climatic_optimum	Ice_age
Holocene_climatic_optimum	Milankovitch_cycles
Holocene_climatic_optimum	Interglacial
Holocene_climatic_optimum	Younger_Dryas
Holocene_climatic_optimum	Little_Ice_Age
Holocene_climatic_optimum	Holocene
Holocene_climatic_optimum	Orbital_forcing
American_Association_for_the_Advancement_of_Science	Greenhouse_gas
American_Association_for_the_Advancement_of_Science	Science_(journal)
American_Association_for_the_Advancement_of_Science	Scientist
American_Association_for_the_Advancement_of_Science	National_Science_Foundation
American_Association_for_the_Advancement_of_Science	National_Academy_of_Sciences
Sulfur_dioxide	Volcano
Sulfur_dioxide	Cement
Sulfur_dioxide	Monsoon
Continental_drift	Thermal_expansion
Continental_drift	Plate_tectonics
Continental_drift	Precession
Continental_drift	Atlantic_Ocean
Continental_drift	Pangaea
Continental_drift	The_New_York_Times
Continental_drift	Permo-Carboniferous
Continental_drift	Orogeny
Continental_drift	Supercontinent
Orbital_eccentricity	Milankovitch_cycles
Orbital_eccentricity	NASA
